-- phpMyAdmin SQL Dump
-- version 5.2.1
-- https://www.phpmyadmin.net/
--
-- Host: 127.0.0.1
-- Creato il: Apr 26, 2024 alle 23:47
-- Versione del server: 10.4.32-MariaDB
-- Versione PHP: 8.0.30

SET SQL_MODE = "NO_AUTO_VALUE_ON_ZERO";
START TRANSACTION;
SET time_zone = "+00:00";


/*!40101 SET @OLD_CHARACTER_SET_CLIENT=@@CHARACTER_SET_CLIENT */;
/*!40101 SET @OLD_CHARACTER_SET_RESULTS=@@CHARACTER_SET_RESULTS */;
/*!40101 SET @OLD_COLLATION_CONNECTION=@@COLLATION_CONNECTION */;
/*!40101 SET NAMES utf8mb4 */;

--
-- Database: `indaginemercato`
--

-- --------------------------------------------------------

--
-- Struttura della tabella `consumazioni`
--

CREATE TABLE `consumazioni` (
  `idCons` int(11) NOT NULL,
  `quantitaConsumata` int(11) NOT NULL,
  `quantitaImportata` int(11) NOT NULL,
  `codNazione` varchar(3) NOT NULL,
  `codProdotto` int(11) NOT NULL
) ENGINE=InnoDB DEFAULT CHARSET=utf8mb4 COLLATE=utf8mb4_general_ci;

--
-- Dump dei dati per la tabella `consumazioni`
--

INSERT INTO `consumazioni` (`idCons`, `quantitaConsumata`, `quantitaImportata`, `codNazione`, `codProdotto`) VALUES
(1, 10000000, 8000000, 'ARG', 29),
(2, 15000000, 12000000, 'ARG', 5),
(3, 12000000, 10000000, 'ARG', 13),
(4, 9000000, 7000000, 'ARG', 10),
(5, 11000000, 9000000, 'ARG', 11),
(6, 10500000, 8200000, 'AUS', 24),
(7, 16000000, 13000000, 'AUS', 14),
(8, 12200000, 10200000, 'AUS', 34),
(9, 9500000, 7500000, 'AUS', 16),
(10, 11500000, 9500000, 'AUS', 13),
(11, 10200000, 7900000, 'AUT', 18),
(12, 15600000, 12600000, 'AUT', 15),
(13, 12400000, 10400000, 'AUT', 21),
(14, 9200000, 7200000, 'AUT', 22),
(15, 11200000, 9200000, 'AUT', 8),
(16, 9800000, 7500000, 'BEL', 13),
(17, 14500000, 11500000, 'BEL', 1),
(18, 11800000, 9800000, 'BEL', 5),
(19, 8900000, 6700000, 'BEL', 21),
(20, 10800000, 8700000, 'BEL', 15),
(21, 10400000, 8100000, 'BRA', 11),
(22, 15800000, 12800000, 'BRA', 12),
(23, 12600000, 10600000, 'BRA', 25),
(24, 9400000, 7200000, 'BRA', 15),
(25, 11400000, 9300000, 'BRA', 35),
(26, 9700000, 7400000, 'BGR', 19),
(27, 14200000, 11200000, 'BGR', 25),
(28, 11500000, 9500000, 'BGR', 30),
(29, 8600000, 6500000, 'BGR', 2),
(30, 10600000, 8600000, 'BGR', 28),
(31, 10100000, 7800000, 'CAN', 25),
(32, 15300000, 12300000, 'CAN', 2),
(33, 12100000, 10100000, 'CAN', 7),
(34, 9100000, 6900000, 'CAN', 30),
(35, 11100000, 9100000, 'CAN', 20),
(36, 10700000, 8300000, 'CHN', 6),
(37, 16200000, 13200000, 'CHN', 7),
(38, 12800000, 10800000, 'CHN', 18),
(39, 9600000, 7400000, 'CHN', 30),
(40, 11600000, 9600000, 'CHN', 21),
(41, 9600000, 7400000, 'CYP', 16),
(42, 14100000, 11100000, 'CYP', 15),
(43, 11400000, 9400000, 'CYP', 28),
(44, 8600000, 6600000, 'CYP', 21),
(45, 10500000, 8600000, 'CYP', 21),
(46, 9800000, 7600000, 'CZE', 3),
(47, 14500000, 11600000, 'CZE', 27),
(48, 11700000, 9700000, 'CZE', 15),
(49, 8900000, 6800000, 'CZE', 32),
(50, 10800000, 8800000, 'CZE', 37),
(51, 10300000, 7900000, 'DNK', 16),
(52, 15500000, 12500000, 'DNK', 4),
(53, 12300000, 10300000, 'DNK', 7),
(54, 9300000, 7100000, 'DNK', 26),
(55, 11300000, 9300000, 'DNK', 34),
(56, 10600000, 8200000, 'ESP', 16),
(57, 16100000, 13100000, 'ESP', 17),
(58, 12900000, 10900000, 'ESP', 35),
(59, 9700000, 7500000, 'ESP', 14),
(60, 11700000, 9600000, 'ESP', 36),
(61, 9900000, 7600000, 'EST', 30),
(62, 14600000, 11700000, 'EST', 1),
(63, 11800000, 9800000, 'EST', 27),
(64, 9000000, 6900000, 'EST', 22),
(65, 11000000, 8900000, 'EST', 28),
(66, 10000000, 7700000, 'FIN', 34),
(67, 15100000, 12100000, 'FIN', 15),
(68, 12000000, 10000000, 'FIN', 8),
(69, 9100000, 7000000, 'FIN', 33),
(70, 11100000, 9100000, 'FIN', 27),
(71, 10200000, 7800000, 'FRA', 35),
(72, 15400000, 12400000, 'FRA', 20),
(73, 12200000, 10200000, 'FRA', 31),
(74, 9200000, 7000000, 'FRA', 19),
(75, 11200000, 9200000, 'FRA', 3),
(76, 10800000, 8300000, 'GBR', 31),
(77, 16300000, 13300000, 'GBR', 37),
(78, 13100000, 10900000, 'GBR', 15),
(79, 9800000, 7600000, 'GBR', 1),
(80, 11900000, 9700000, 'GBR', 35),
(81, 10400000, 8000000, 'GRC', 24),
(82, 15700000, 12800000, 'GRC', 13),
(83, 12500000, 10500000, 'GRC', 32),
(84, 9400000, 7200000, 'GRC', 8),
(85, 11500000, 9400000, 'GRC', 16),
(86, 10100000, 7700000, 'HRV', 17),
(87, 15300000, 12200000, 'HRV', 3),
(88, 12000000, 10000000, 'HRV', 1),
(89, 9100000, 6900000, 'HRV', 32),
(90, 11100000, 9200000, 'HRV', 6),
(91, 10500000, 8000000, 'HUN', 9),
(92, 16000000, 13000000, 'HUN', 26),
(93, 12200000, 10200000, 'HUN', 27),
(94, 9200000, 7000000, 'HUN', 20),
(95, 10400000, 8000000, 'IND', 6),
(96, 15700000, 12800000, 'IND', 31),
(97, 12500000, 10500000, 'IND', 24),
(98, 9400000, 7200000, 'IND', 29),
(99, 11500000, 9400000, 'IND', 35),
(100, 10600000, 8100000, 'IRL', 15),
(101, 16100000, 13100000, 'IRL', 3),
(102, 12900000, 10900000, 'IRL', 10),
(103, 9700000, 7500000, 'IRL', 37),
(104, 11700000, 9700000, 'IRL', 9),
(105, 9800000, 7600000, 'ITA', 6),
(106, 14500000, 11700000, 'ITA', 1),
(107, 11700000, 9700000, 'ITA', 27),
(108, 8900000, 6900000, 'ITA', 18),
(109, 10800000, 8800000, 'ITA', 11),
(110, 10300000, 7900000, 'LTU', 35),
(111, 15500000, 12600000, 'LTU', 32),
(112, 12300000, 10300000, 'LTU', 16),
(113, 9300000, 7100000, 'LTU', 21),
(114, 11300000, 9300000, 'LTU', 20),
(115, 9800000, 7600000, 'LUX', 1),
(116, 14500000, 11600000, 'LUX', 16),
(117, 11700000, 9700000, 'LUX', 5),
(118, 8900000, 6800000, 'LUX', 12),
(119, 10800000, 8800000, 'LUX', 8),
(120, 9900000, 7800000, 'LVA', 2),
(121, 14600000, 11700000, 'LVA', 22),
(122, 11800000, 9800000, 'LVA', 33),
(123, 9000000, 7000000, 'LVA', 21),
(124, 11000000, 9000000, 'LVA', 6),
(125, 10000000, 7700000, 'MEX', 4),
(126, 15100000, 12200000, 'MEX', 37),
(127, 12000000, 10000000, 'MEX', 25),
(128, 9100000, 6900000, 'MEX', 15),
(129, 11100000, 9200000, 'MEX', 37),
(130, 10300000, 7900000, 'NLD', 26),
(131, 15500000, 12600000, 'NLD', 20),
(132, 12300000, 10300000, 'NLD', 20),
(133, 9300000, 7100000, 'NLD', 3),
(134, 11300000, 9300000, 'NLD', 30),
(135, 9800000, 7600000, 'POL', 28),
(136, 14500000, 11600000, 'POL', 14),
(137, 11700000, 9700000, 'POL', 23),
(138, 8900000, 6800000, 'POL', 36),
(139, 10800000, 8800000, 'POL', 37),
(140, 9900000, 7800000, 'PRT', 4),
(141, 14600000, 11700000, 'PRT', 16),
(142, 11800000, 9800000, 'PRT', 30),
(143, 9000000, 7000000, 'PRT', 29),
(144, 11000000, 9000000, 'PRT', 16),
(145, 10000000, 7700000, 'ROU', 31),
(146, 15100000, 12200000, 'ROU', 32),
(147, 12000000, 10000000, 'ROU', 31),
(148, 9100000, 6900000, 'ROU', 21),
(149, 11100000, 9200000, 'ROU', 10),
(150, 10300000, 7900000, 'SVK', 25),
(151, 15500000, 12600000, 'SVK', 18),
(152, 12300000, 10300000, 'SVK', 16),
(153, 9300000, 7100000, 'SVK', 24),
(154, 11300000, 9300000, 'SVK', 34),
(155, 9800000, 7600000, 'SVN', 23),
(156, 14500000, 11600000, 'SVN', 15),
(157, 11700000, 9700000, 'SVN', 4),
(158, 8900000, 6800000, 'SVN', 13),
(159, 10800000, 8800000, 'SVN', 14),
(160, 9900000, 7800000, 'SWE', 30),
(161, 14600000, 11700000, 'SWE', 36),
(162, 11800000, 9800000, 'SWE', 13),
(163, 9000000, 7000000, 'SWE', 31),
(164, 11000000, 9000000, 'SWE', 4),
(165, 10000000, 7700000, 'USA', 37),
(166, 15100000, 12200000, 'USA', 26),
(167, 12000000, 10000000, 'USA', 18),
(168, 9100000, 6900000, 'USA', 13),
(169, 11100000, 9200000, 'USA', 11);

-- --------------------------------------------------------

--
-- Struttura della tabella `nazioni`
--

CREATE TABLE `nazioni` (
  `codNazione` varchar(3) NOT NULL,
  `nomeNazione` varchar(80) NOT NULL,
  `numAbitanti` int(11) NOT NULL
) ENGINE=InnoDB DEFAULT CHARSET=latin1 COLLATE=latin1_swedish_ci;

--
-- Dump dei dati per la tabella `nazioni`
--

INSERT INTO `nazioni` (`codNazione`, `nomeNazione`, `numAbitanti`) VALUES
('ARG', 'Argentina', 45000000),
('AUS', 'Australia', 25000000),
('AUT', 'Austria', 9000000),
('BEL', 'Belgio', 11000000),
('BGR', 'Bulgaria', 7000000),
('BRA', 'Brasile', 210000000),
('CAN', 'Canada', 38000000),
('CHN', 'Cina', 1400000000),
('CYP', 'Cipro', 1200000),
('CZE', 'Repubblica Ceca', 10600000),
('DEU', 'Germania', 83000000),
('DNK', 'Danimarca', 5800000),
('ESP', 'Spagna', 47000000),
('EST', 'Estonia', 1300000),
('FIN', 'Finlandia', 5500000),
('FRA', 'Francia', 67000000),
('GBR', 'Regno Unito', 68000000),
('GRC', 'Grecia', 11000000),
('HRV', 'Croazia', 4000000),
('HUN', 'Ungheria', 9700000),
('IND', 'India', 1350000000),
('IRL', 'Irlanda', 4900000),
('ITA', 'Italia', 60000000),
('LTU', 'Lituania', 2800000),
('LUX', 'Lussemburgo', 600000),
('LVA', 'Lettonia', 1900000),
('MEX', 'Messico', 130000000),
('MLT', 'Malta', 500000),
('NLD', 'Paesi Bassi', 17000000),
('POL', 'Polonia', 38000000),
('PRT', 'Portogallo', 10200000),
('ROU', 'Romania', 19000000),
('SVK', 'Slovacchia', 5500000),
('SVN', 'Slovenia', 2100000),
('SWE', 'Svezia', 10000000),
('USA', 'Stati Uniti', 330000000);

-- --------------------------------------------------------

--
-- Struttura della tabella `prodotti`
--

CREATE TABLE `prodotti` (
  `codProdotto` int(11) NOT NULL,
  `nomeProdotto` varchar(100) NOT NULL
) ENGINE=InnoDB DEFAULT CHARSET=latin1 COLLATE=latin1_swedish_ci;

--
-- Dump dei dati per la tabella `prodotti`
--

INSERT INTO `prodotti` (`codProdotto`, `nomeProdotto`) VALUES
(1, 'Pane'),
(2, 'Latte'),
(3, 'Uova'),
(4, 'Soia'),
(5, 'Grano'),
(6, 'Cacao'),
(7, 'Ceci'),
(8, 'Riso'),
(9, 'Pasta'),
(10, 'Formaggio'),
(11, 'Yogurt'),
(12, 'Olio d\'oliva'),
(13, 'Zucchero'),
(14, 'Sale'),
(15, 'Spezie'),
(16, 'Caffe'),
(17, 'The'),
(18, 'Cioccolato'),
(19, 'Miele'),
(20, 'Salsa di pomodoro'),
(21, 'Mele'),
(22, 'Banane'),
(23, 'Arance'),
(24, 'Uva'),
(25, 'Kiwi'),
(26, 'Fragole'),
(27, 'Limoni'),
(28, 'Pere'),
(29, 'Pesche'),
(30, 'Ananas'),
(31, 'Ciliegie'),
(32, 'Carote'),
(33, 'Patate'),
(34, 'Pomodori'),
(35, 'Cetrioli'),
(36, 'Lattuga'),
(37, 'Zucchine');

-- --------------------------------------------------------

--
-- Struttura della tabella `produzioni`
--

CREATE TABLE `produzioni` (
  `idProd` int(11) NOT NULL,
  `quantitaProdotta` int(11) NOT NULL,
  `quantitaEsportata` int(11) NOT NULL,
  `codNazione` varchar(3) NOT NULL,
  `codProdotto` int(11) NOT NULL
) ENGINE=InnoDB DEFAULT CHARSET=latin1 COLLATE=latin1_swedish_ci;

--
-- Dump dei dati per la tabella `produzioni`
--

INSERT INTO `produzioni` (`idProd`, `quantitaProdotta`, `quantitaEsportata`, `codNazione`, `codProdotto`) VALUES
(1, 20000000, 15000000, 'ARG', 23),
(2, 30000000, 20000000, 'ARG', 10),
(3, 25000000, 18000000, 'ARG', 16),
(4, 40000000, 30000000, 'ARG', 16),
(5, 35000000, 25000000, 'ARG', 28),
(6, 22000000, 17000000, 'AUS', 21),
(7, 32000000, 21000000, 'AUS', 20),
(8, 27000000, 19000000, 'AUS', 35),
(9, 42000000, 32000000, 'AUS', 5),
(10, 37000000, 27000000, 'AUS', 31),
(11, 18000000, 13000000, 'AUT', 27),
(12, 28000000, 17000000, 'AUT', 4),
(13, 23000000, 16000000, 'AUT', 15),
(14, 38000000, 27000000, 'AUT', 23),
(15, 33000000, 22000000, 'AUT', 34),
(16, 24000000, 19000000, 'BEL', 27),
(17, 34000000, 23000000, 'BEL', 33),
(18, 29000000, 21000000, 'BEL', 10),
(19, 44000000, 32000000, 'BEL', 24),
(20, 39000000, 27000000, 'BEL', 14),
(21, 16000000, 11000000, 'BGR', 34),
(22, 26000000, 15000000, 'BGR', 19),
(23, 21000000, 14000000, 'BGR', 30),
(24, 36000000, 25000000, 'BGR', 19),
(25, 31000000, 20000000, 'BGR', 3),
(26, 28000000, 23000000, 'BRA', 32),
(27, 38000000, 27000000, 'BRA', 2),
(28, 33000000, 25000000, 'BRA', 24),
(29, 48000000, 37000000, 'BRA', 2),
(30, 43000000, 32000000, 'BRA', 13),
(31, 30000000, 25000000, 'CAN', 21),
(32, 40000000, 30000000, 'CAN', 27),
(33, 35000000, 27000000, 'CAN', 37),
(34, 50000000, 40000000, 'CAN', 28),
(35, 45000000, 35000000, 'CAN', 29),
(36, 32000000, 26000000, 'CHN', 22),
(37, 42000000, 32000000, 'CHN', 22),
(38, 37000000, 28000000, 'CHN', 8),
(39, 52000000, 42000000, 'CHN', 10),
(40, 47000000, 37000000, 'CHN', 27),
(41, 14000000, 9000000, 'CYP', 29),
(42, 24000000, 16000000, 'CYP', 27),
(43, 19000000, 13000000, 'CYP', 11),
(44, 34000000, 23000000, 'CYP', 11),
(45, 29000000, 18000000, 'CYP', 22),
(46, 17000000, 13000000, 'CZE', 3),
(47, 27000000, 18000000, 'CZE', 23),
(48, 22000000, 15000000, 'CZE', 32),
(49, 37000000, 25000000, 'CZE', 17),
(50, 32000000, 20000000, 'CZE', 26),
(51, 35000000, 30000000, 'DEU', 2),
(52, 45000000, 40000000, 'DEU', 5),
(53, 40000000, 35000000, 'DEU', 20),
(54, 55000000, 50000000, 'DEU', 11),
(55, 50000000, 45000000, 'DEU', 30),
(56, 12000000, 8000000, 'DNK', 5),
(57, 22000000, 13000000, 'DNK', 8),
(58, 17000000, 11000000, 'DNK', 26),
(59, 27000000, 16000000, 'DNK', 32),
(60, 23000000, 14000000, 'DNK', 7),
(61, 28000000, 23000000, 'ESP', 14),
(62, 38000000, 28000000, 'ESP', 11),
(63, 33000000, 25000000, 'ESP', 13),
(64, 48000000, 37000000, 'ESP', 32),
(65, 43000000, 32000000, 'ESP', 10),
(66, 15000000, 11000000, 'EST', 27),
(67, 25000000, 17000000, 'EST', 32),
(68, 20000000, 14000000, 'EST', 1),
(69, 35000000, 25000000, 'EST', 22),
(70, 30000000, 20000000, 'EST', 33),
(71, 11000000, 8000000, 'FIN', 25),
(72, 21000000, 13000000, 'FIN', 24),
(73, 16000000, 11000000, 'FIN', 8),
(74, 27000000, 16000000, 'FIN', 5),
(75, 23000000, 14000000, 'FIN', 35),
(76, 32000000, 26000000, 'FRA', 14),
(77, 42000000, 32000000, 'FRA', 1),
(78, 37000000, 28000000, 'FRA', 37),
(79, 52000000, 42000000, 'FRA', 32),
(80, 47000000, 37000000, 'FRA', 14),
(81, 17000000, 13000000, 'GBR', 8),
(82, 27000000, 18000000, 'GBR', 36),
(83, 22000000, 15000000, 'GBR', 9),
(84, 37000000, 25000000, 'GBR', 10),
(85, 32000000, 20000000, 'GBR', 22),
(86, 24000000, 19000000, 'GRC', 5),
(87, 34000000, 23000000, 'GRC', 31),
(88, 29000000, 21000000, 'GRC', 30),
(89, 44000000, 32000000, 'GRC', 21),
(90, 39000000, 27000000, 'GRC', 13),
(91, 16000000, 12000000, 'HRV', 1),
(92, 26000000, 17000000, 'HRV', 4),
(93, 21000000, 15000000, 'HRV', 17),
(94, 36000000, 25000000, 'HRV', 34),
(95, 31000000, 20000000, 'HRV', 10),
(96, 18000000, 13000000, 'HUN', 19),
(97, 28000000, 18000000, 'HUN', 26),
(98, 23000000, 15000000, 'HUN', 2),
(99, 38000000, 25000000, 'HUN', 3),
(100, 33000000, 20000000, 'HUN', 10),
(101, 29000000, 24000000, 'IND', 5),
(102, 39000000, 29000000, 'IND', 29),
(103, 34000000, 26000000, 'IND', 21),
(104, 49000000, 38000000, 'IND', 18),
(105, 44000000, 33000000, 'IND', 24),
(106, 12000000, 9000000, 'IRL', 29),
(107, 22000000, 14000000, 'IRL', 35),
(108, 17000000, 12000000, 'IRL', 15),
(109, 27000000, 18000000, 'IRL', 8),
(110, 23000000, 15000000, 'IRL', 29),
(111, 25000000, 20000000, 'ITA', 8),
(112, 35000000, 25000000, 'ITA', 30),
(113, 30000000, 22000000, 'ITA', 13),
(114, 45000000, 35000000, 'ITA', 12),
(115, 40000000, 30000000, 'ITA', 20),
(116, 13000000, 8000000, 'LTU', 27),
(117, 23000000, 15000000, 'LTU', 37),
(118, 18000000, 12000000, 'LTU', 30),
(119, 28000000, 17000000, 'LTU', 37),
(120, 24000000, 14000000, 'LTU', 20),
(121, 13000000, 8000000, 'LTU', 27),
(122, 23000000, 15000000, 'LTU', 1),
(123, 18000000, 12000000, 'LTU', 36),
(124, 28000000, 17000000, 'LTU', 25),
(125, 24000000, 14000000, 'LTU', 19),
(126, 9000000, 6000000, 'LVA', 19),
(127, 17000000, 11000000, 'LVA', 2),
(128, 12000000, 8000000, 'LVA', 25),
(129, 20000000, 14000000, 'LVA', 7),
(130, 18000000, 12000000, 'LVA', 34),
(131, 3000000, 2000000, 'MLT', 2),
(132, 6000000, 4000000, 'MLT', 19),
(133, 4000000, 3000000, 'MLT', 14),
(134, 8000000, 5000000, 'MLT', 13),
(135, 7000000, 4000000, 'MLT', 22),
(136, 15000000, 12000000, 'NLD', 34),
(137, 25000000, 20000000, 'NLD', 31),
(138, 20000000, 16000000, 'NLD', 13),
(139, 30000000, 24000000, 'NLD', 9),
(140, 27000000, 22000000, 'NLD', 6),
(141, 28000000, 23000000, 'POL', 2),
(142, 38000000, 28000000, 'POL', 27),
(143, 33000000, 25000000, 'POL', 21),
(144, 48000000, 37000000, 'POL', 21),
(145, 43000000, 32000000, 'POL', 3),
(146, 11000000, 8000000, 'PRT', 29),
(147, 21000000, 15000000, 'PRT', 21),
(148, 16000000, 12000000, 'PRT', 19),
(149, 27000000, 18000000, 'PRT', 30),
(150, 23000000, 14000000, 'PRT', 21),
(151, 19000000, 14000000, 'ROU', 13),
(152, 29000000, 22000000, 'ROU', 3),
(153, 24000000, 18000000, 'ROU', 10),
(154, 39000000, 28000000, 'ROU', 5),
(155, 34000000, 25000000, 'ROU', 30),
(156, 8000000, 5000000, 'SVK', 24),
(157, 15000000, 10000000, 'SVK', 28),
(158, 12000000, 7000000, 'SVK', 32),
(159, 20000000, 14000000, 'SVK', 1),
(160, 17000000, 12000000, 'SVK', 20),
(161, 6000000, 4000000, 'SVN', 20),
(162, 11000000, 8000000, 'SVN', 6),
(163, 8000000, 6000000, 'SVN', 4),
(164, 13000000, 9000000, 'SVN', 2),
(165, 12000000, 7000000, 'SVN', 35),
(166, 16000000, 12000000, 'SWE', 20),
(167, 26000000, 20000000, 'SWE', 30),
(168, 21000000, 16000000, 'SWE', 19),
(169, 36000000, 28000000, 'SWE', 2),
(170, 31000000, 24000000, 'SWE', 27),
(171, 190000000, 150000000, 'USA', 17),
(172, 290000000, 220000000, 'USA', 3),
(173, 240000000, 180000000, 'USA', 2),
(174, 390000000, 300000000, 'USA', 36),
(175, 340000000, 260000000, 'USA', 28);

-- --------------------------------------------------------

--
-- Struttura della tabella `utenti`
--

CREATE TABLE `utenti` (
  `nome` varchar(50) NOT NULL,
  `cognome` varchar(50) NOT NULL,
  `username` varchar(50) NOT NULL,
  `email` varchar(50) NOT NULL,
  `password` varchar(50) NOT NULL,
  `admin` tinyint(1) NOT NULL
) ENGINE=InnoDB DEFAULT CHARSET=latin1 COLLATE=latin1_swedish_ci;

--
-- Dump dei dati per la tabella `utenti`
--

INSERT INTO `utenti` (`nome`, `cognome`, `username`, `email`, `password`, `admin`) VALUES
('Francesco', 'Muscetra', 'admin', 'indaginemercato@gmail.com', '63a9f0ea7bb98050796b649e85481845', 1);

--
-- Indici per le tabelle scaricate
--

--
-- Indici per le tabelle `consumazioni`
--
ALTER TABLE `consumazioni`
  ADD PRIMARY KEY (`idCons`),
  ADD KEY `codNazione` (`codNazione`),
  ADD KEY `codProdotto` (`codProdotto`);

--
-- Indici per le tabelle `nazioni`
--
ALTER TABLE `nazioni`
  ADD PRIMARY KEY (`codNazione`);

--
-- Indici per le tabelle `prodotti`
--
ALTER TABLE `prodotti`
  ADD PRIMARY KEY (`codProdotto`);

--
-- Indici per le tabelle `produzioni`
--
ALTER TABLE `produzioni`
  ADD PRIMARY KEY (`idProd`),
  ADD KEY `codNazione` (`codNazione`),
  ADD KEY `codProdotto` (`codProdotto`);

--
-- Indici per le tabelle `utenti`
--
ALTER TABLE `utenti`
  ADD PRIMARY KEY (`username`);

--
-- AUTO_INCREMENT per le tabelle scaricate
--

--
-- AUTO_INCREMENT per la tabella `consumazioni`
--
ALTER TABLE `consumazioni`
  MODIFY `idCons` int(11) NOT NULL AUTO_INCREMENT, AUTO_INCREMENT=176;

--
-- AUTO_INCREMENT per la tabella `prodotti`
--
ALTER TABLE `prodotti`
  MODIFY `codProdotto` int(11) NOT NULL AUTO_INCREMENT, AUTO_INCREMENT=38;

--
-- AUTO_INCREMENT per la tabella `produzioni`
--
ALTER TABLE `produzioni`
  MODIFY `idProd` int(11) NOT NULL AUTO_INCREMENT, AUTO_INCREMENT=176;

--
-- Limiti per le tabelle scaricate
--

--
-- Limiti per la tabella `produzioni`
--
ALTER TABLE `produzioni`
  ADD CONSTRAINT `Produzioni_ibfk_1` FOREIGN KEY (`codNazione`) REFERENCES `nazioni` (`codNazione`),
  ADD CONSTRAINT `Produzioni_ibfk_2` FOREIGN KEY (`codProdotto`) REFERENCES `prodotti` (`codProdotto`);
COMMIT;

/*!40101 SET CHARACTER_SET_CLIENT=@OLD_CHARACTER_SET_CLIENT */;
/*!40101 SET CHARACTER_SET_RESULTS=@OLD_CHARACTER_SET_RESULTS */;
/*!40101 SET COLLATION_CONNECTION=@OLD_COLLATION_CONNECTION */;
